{
  "images": {
    "modpack": {
      "image": "mainmenu:modpack.png",
      "posX": -64,
      "posY": -140,
      "height": 128,
      "width": 128,
      "imageWidth": 612,
      "imageHeight": 512,
      "alignment": "center"
    }
  },

  "buttons": {
    "singleplayer": {
      "text": "menu.singleplayer",
      "posX": -100,
      "posY": 0,
      "width": 98,
      "height": 20,
      "alignment": "center",
      "texture": "mainmenu:shortbutton.png",
      "action": {
        "type": "openGui",
        "gui": "singleplayer"
      }
    },
    "multiplayer": {
      "text": "menu.multiplayer",
      "posX": 2,
      "posY": 0,
      "width": 98,
      "height": 20,
      "alignment": "center",
      "texture": "mainmenu:shortbutton.png",
      "action": {
        "type": "openGui",
        "gui": "multiplayer"
      }
    },
    "mods": {
      "text": "Mods",
      "posX": 2,
      "posY": 25,
      "width": 98,
      "height": 20,
      "alignment": "center",
      "texture": "mainmenu:shortbutton.png",
      "action": {
        "type": "openGui",
        "gui": "mods"
      }
    },
    "pack support": {
      "text": "Support",
      "posX": -100,
      "posY": 75,
      "width": 98,
      "height": 20,
      "alignment": "center",
      "texture": "mainmenu:shortbutton.png",
      "action": {
        "type": "openLink",
        "link": "https://github.com/ftbteam/ftb-presents-direwolf20-1.12/issues"
      }
    },
    "changelog": {
      "text": "Changelogs",
      "posX": 2,
      "posY": 75,
      "width": 98,
      "height": 20,
      "alignment": "center",
      "texture": "mainmenu:shortbutton.png",
      "action": {
        "type": "openLink",
        "link": "https://feed-the-beast.com/"
      }
    },
    "options": {
      "text": "menu.options",
      "posX": -100,
      "posY": 25,
      "width": 98,
      "height": 20,
      "alignment": "center",
      "texture": "mainmenu:shortbutton.png",
      "action": {
        "type": "openGui",
        "gui": "options"
      }
    },
    "quit": {
      "text": "menu.quit",
      "posX": -100,
      "posY": 100,
      "width": 200,
      "height": 20,
      "alignment": "center",
      "texture": "mainmenu:longbutton.png",
      "action": {
        "type": "quit"
      }
    },
    "language": {
      "text": "",
      "posX": 105,
      "posY": 25,
      "width": 20,
      "height": 20,
      "tooltip": "Language",
      "alignment": "center",
      "imageWidth": "40",
      "imageHeight": "40",
      "texture": "mainmenu:lang.png",
      "action": {
        "type": "openGui",
        "gui": "languages"
      }
    },
    "FTB Site": {
      "text": "",
      "posX": 105,
      "posY": 75,
      "width": 20,
      "height": 20,
      "alignment": "center",
      "tooltip": "FTB Site",
      "texture": "mainmenu:web.png",
      "imageWidth": "40",
      "imageHeight": "40",
      "action": {
        "type": "openLink",
        "link": "https://feed-the-beast.com/"
      }
    },
    "creeperhost": {
      "text": "",
      "posX": 105,
      "posY": 50,
      "width": 20,
      "height": 20,
      "alignment": "center",
      "tooltip": "Get a Server Today!",
      "texture": "mainmenu:creeperhost.png",
      "imageWidth": "40",
      "imageHeight": "40",
      "wrappedButton": 30051988
    },
    "creeperhost_minigames": {
      "text": "MineTogether Minigames",
      "posX": -100,
      "posY": 50,
      "width": 200,
      "height": 20,
      "alignment": "center",
      "texture": "mainmenu:longbutton.png",
      "wrappedButton": 3735928559
    },
    "refresh": {
      "text": "",
      "posX": -20,
      "posY": 0,
      "width": 20,
      "height": 20,
      "alignment": "top_right",
      "texture": "mainmenu:refresh.png",
      "action": {
        "type": "refresh"
      }
    }
  },

  "labels": {
    "modpack": {
      "text": "FTB Presents Direwolf20 1.12 v2.8.0",
      "posX": 3,
      "posY": -31,
      "fontSize": 0.6,
      "color": -1,
      "hoverColor": -1,
      "alignment": "bottom_left"
    },
    "minecraft": {
      "text": "Minecraft #mcversion#",
      "posX": 3,
      "posY": -25,
      "fontSize": 0.6,
      "color": -1,
      "hoverColor": -1,
      "alignment": "bottom_left"
    },
    "forge": {
      "text": "Forge #forgeversion#",
      "posX": 3,
      "posY": -19,
      "fontSize": 0.6,
      "color": -1,
      "hoverColor": -1,
      "alignment": "bottom_left"
    },
    "modsloaded": {
      "text": "#modsloaded# Mods Loaded",
      "posX": 3,
      "posY": -13,
      "fontSize": 0.6,
      "color": -1,
      "hoverColor": -1,
      "alignment": "bottom_left"
    },
    "modsactive": {
      "text": "#modsactive# Mods Active",
      "posX": 3,
      "posY": -7,
      "fontSize": 0.6,
      "color": -1,
      "hoverColor": -1,
      "alignment": "bottom_left"
    },
    "newsLine1": {
      "text": "",
      "posX": 16,
      "posY": 16,
      "fontSize": 1.15,
      "color": 13048410,
      "hoverColor": 13048410,
      "alignment": "top_left"
    },
    "newsLine2": {
      "text": "",
      "posX": 16,
      "posY": 30,
      "fontSize": 1.15,
      "color": 13048410,
      "hoverColor": 13048410,
      "alignment": "top_left"
    },
    "newsLine3": {
      "text": "",
      "posX": 16,
      "posY": 44,
      "fontSize": 1.15,
      "color": 13048410,
      "hoverColor": 13048410,
      "alignment": "top_left"
    },
    "newsLine4": {
      "text": "",
      "hoverText": "",
      "posX": 16,
      "posY": 73,
      "fontSize": 1.25,
      "color": -1,
      "hoverColor": -1,
      "alignment": "top_left"
    },
    "mojang": {
      "text": "Copyright Mojang AB",
      "posX": -65,
      "posY": -7,
      "fontSize": 0.6,
      "color": -1,
      "hoverColor": -1,
      "hoverText": "�nCopyright Mojang AB",
      "alignment": "bottom_right",
      "action": {
        "type": "openGui",
        "gui": "credits"
      }
    }
  },

  "other": {
    "background": {
      "image": "mainmenu:background.png",
      "mode": "stretch"
    }
  }
}
