<?xml version="1.0" encoding="UTF-8"?>
<enderio:recipes xmlns:enderio="http://enderio.com/recipes" xmlns:xsi="http://www.w3.org/2001/XMLSchema-instance" xsi:schemaLocation="http://enderio.com/recipes recipes.xsd ">
  <recipe name="Gear, Wood" required="false" disabled="true">
    <crafting>
      <grid>
        <item /><item name="stickWood"/><item />
        <item name="stickWood"/><item /><item name="stickWood"/>
        <item /><item name="stickWood"/><item />
      </grid>
      <output name="GEAR_WOOD"/>
    </crafting>
  </recipe>

  <recipe name="Gear, ae2 messes things up" required="false" disabled="true">
    <crafting>
      <grid>
        <item name="stickWood"/><item /><item name="stickWood"/>
        <item /><item /><item />
        <item name="stickWood"/><item /><item name="stickWood"/>
      </grid>
      <output name="GEAR_WOOD"/>
    </crafting>
  </recipe>

  <recipe name="Gear, just to be sure" required="false" disabled="true">
    <crafting>
      <grid size="3x2">
        <item name="stickWood"/><item /><item name="stickWood"/>
        <item name="stickWood"/><item /><item name="stickWood"/>
      </grid>
      <output name="GEAR_WOOD"/>
    </crafting>
  </recipe>

  <recipe name="Gear, better save than sorry" required="false" disabled="true">
    <crafting>
      <grid size="2x3">
        <item name="stickWood"/><item name="stickWood"/>
        <item /><item />
        <item name="stickWood"/><item name="stickWood"/>
      </grid>
      <output name="GEAR_WOOD"/>
    </crafting>
  </recipe>
</enderio:recipes>
